,0
pro,373.7435054908253
max,286.07636788017885
case,177.11343433933254
help,174.2024389159466
screen,172.08901072701852
phone,159.91203073619448
app,152.52932659780203
new,152.44329064934556
mini,133.76454079973817
use,120.52679119705482
question,100.14947229958872
photo,98.34659521110036
camera,92.01239086476949
work,87.95688271785669
need,80.1662060788835
charger,78.99965035206547
time,74.97270954142104
switch,71.68828063561733
turn,70.3640681020787
best,69.86402599176743
buy,69.84544808009323
know,69.51253730004427
problem,69.35258386401117
way,68.69526477795911
doe,62.01473630105572
